dataset,variant,seed,final_KL_to_own_P,mean_sigma,trustworthiness@10,continuity@10,spearman_euclidean,spearman_geodesic,spearman_latent,silhouette_labels
S-curve,classic t=1,0,0.2530803733872821,0.5674312258457247,0.9736449704142012,0.9598934911242604,0.78288796499467,0.7726141964441086,0.6390476603297408,
S-curve,classic t=1,1,0.29756919871925774,0.5674312258457247,0.964224852071006,0.9506508875739645,0.7262637685167614,0.7038904094862101,0.6077433379222653,
S-curve,classic t=1,2,0.3194791327097334,0.5674312258457247,0.974603550295858,0.9206627218934911,0.6384205039162689,0.610055676658643,0.6148975006651979,
S-curve,path t=2,0,0.18639319231152954,0.5674312258457247,0.9783431952662722,0.9670414201183432,0.750547713718853,0.7519074145346264,0.6924280233249231,
S-curve,path t=2,1,0.18566738379947997,0.5674312258457247,0.9803076923076923,0.9660118343195266,0.76235118637565,0.7601336981747835,0.6968096693593033,
S-curve,path t=2,2,0.18632796551135913,0.5674312258457247,0.9789467455621301,0.9674792899408284,0.75157654770172,0.7527308563815296,0.6926972090776239,
S-curve,path t=3,0,0.1438678299958492,0.5674312258457247,0.9769467455621301,0.9462011834319527,0.7515533347323989,0.7426726561954996,0.6428599413595742,
S-curve,path t=3,1,0.13858501623977298,0.5674312258457247,0.9851242603550295,0.9664852071005917,0.7396472216111011,0.750481885232369,0.7852563714320556,
S-curve,path t=3,2,0.12608221508958578,0.5674312258457247,0.9704142011834319,0.9707573964497042,0.7623768385766889,0.7674843146456697,0.6705066857701231,
S-curve,path t=5,0,0.11114215568466355,0.5674312258457247,0.9595147928994083,0.9305325443786983,0.7302017665441166,0.7212104785348998,0.6403827202946263,
S-curve,path t=5,1,0.09533891911941525,0.5674312258457247,0.9753491124260355,0.9502958579881657,0.7565315855407978,0.7443211404186926,0.6431416289910722,
S-curve,path t=5,2,0.08215330923387436,0.5674312258457247,0.9720236686390532,0.9683905325443787,0.7793730947173751,0.7824489087270797,0.6690612340967318,
S-curve,path t=8,0,0.13785941627761736,0.5674312258457247,0.8852189349112426,0.8767337278106508,0.6822490115161004,0.6865336496592621,0.6064574727910838,
S-curve,path t=8,1,0.08066626449238226,0.5674312258457247,0.925905325443787,0.9160236686390533,0.7476494280700251,0.7603655708255667,0.6510385724205913,
S-curve,path t=8,2,0.07595713549119382,0.5674312258457247,0.9418461538461539,0.9408639053254438,0.7634261590784652,0.7792063983499655,0.7009209694872098,
S-curve,path t=16,0,0.5872749867098982,0.5674312258457247,0.7324852071005917,0.7362603550295859,0.4246164378431915,0.4386842571989629,0.47443237143552847,
S-curve,path t=16,1,0.5390747394474266,0.5674312258457247,0.7282958579881658,0.7213491124260355,0.4345724171632328,0.42846350429213537,0.44787081127743517,
S-curve,path t=16,2,0.49176157049749736,0.5674312258457247,0.7358106508875739,0.7648047337278107,0.4693817203434364,0.4782433146179015,0.45269351599729896,
Swiss roll,classic t=1,0,0.3742085965877443,0.5846529759560412,0.9723550295857988,0.960094674556213,0.7084826614228328,0.7303977008445323,0.36477277487145904,
Swiss roll,classic t=1,1,0.41685977170661104,0.5846529759560412,0.9810887573964497,0.9351834319526627,0.6544379318083828,0.6545424354841964,0.4197811183556122,
Swiss roll,classic t=1,2,0.34746328244908686,0.5846529759560412,0.9867337278106509,0.9576568047337278,0.6989548834231646,0.737656747088482,0.3868810885309487,
Swiss roll,path t=2,0,0.2900688117210562,0.5846529759560412,0.982224852071006,0.9579763313609467,0.694421624603443,0.724350422255693,0.39749939989732663,
Swiss roll,path t=2,1,0.2864907888505523,0.5846529759560412,0.983621301775148,0.9585680473372781,0.6711591017963539,0.7000906434940048,0.35490592189652304,
Swiss roll,path t=2,2,0.2898773377791859,0.5846529759560412,0.98298224852071,0.9588165680473373,0.697104580824407,0.7311587755711253,0.3838122314863401,
Swiss roll,path t=3,0,0.20475447212743547,0.5846529759560412,0.981715976331361,0.9603905325443787,0.7036387838471396,0.7300072094687157,0.24081553779226328,
Swiss roll,path t=3,1,0.18797242360983069,0.5846529759560412,0.980378698224852,0.9660828402366863,0.74736388114139,0.7558088299235902,0.3608905742449149,
Swiss roll,path t=3,2,0.1879182600567619,0.5846529759560412,0.9811242603550296,0.9670650887573965,0.7430358748552978,0.7557207217553975,0.36447146118987017,
Swiss roll,path t=5,0,0.12883784648643026,0.5846529759560412,0.9647337278106509,0.959810650887574,0.7335290645128468,0.7481951824711034,0.333262524872432,
Swiss roll,path t=5,1,0.11901454396477937,0.5846529759560412,0.9719526627218935,0.9637278106508875,0.7563445609562047,0.7603794667489367,0.36996841866965685,
Swiss roll,path t=5,2,0.11474758461673233,0.5846529759560412,0.9751834319526628,0.9656331360946746,0.7614569827668548,0.7641422932312975,0.37722584291454825,
Swiss roll,path t=8,0,0.05976735429959269,0.5846529759560412,0.934698224852071,0.9545562130177515,0.7874904009760082,0.7529635575439702,0.40712566017091234,
Swiss roll,path t=8,1,0.05976735429959255,0.5846529759560412,0.934698224852071,0.9545562130177515,0.7874904009760082,0.7529635575439702,0.40712566017091234,
Swiss roll,path t=8,2,0.05976735429959256,0.5846529759560412,0.934698224852071,0.9545562130177515,0.7874904009760082,0.7529635575439702,0.40712566017091234,
Swiss roll,path t=16,0,0.032048412684953204,0.5846529759560412,0.8737159763313609,0.913207100591716,0.7186539214929575,0.6164035517233147,0.3862593407927555,
Swiss roll,path t=16,1,0.030590160569077807,0.5846529759560412,0.8845680473372781,0.9272307692307692,0.7503407142267405,0.6556616175057378,0.3981331100022478,
Swiss roll,path t=16,2,0.0314635544325569,0.5846529759560412,0.8760473372781065,0.9175976331360947,0.7330951312848586,0.6360563726148664,0.386800409066995,
Blobs,classic t=1,0,0.0843645185746837,0.16895089005373073,0.9948639053254438,0.9966627218934911,0.9591353423694751,0.9203674690898354,,0.7925330667515715
Blobs,classic t=1,1,0.07540828426414617,0.16895089005373073,0.9956686390532544,0.997112426035503,0.7137595466561111,0.9222891704459578,,0.7940537205161218
Blobs,classic t=1,2,0.08365037593956692,0.16895089005373073,0.9953609467455621,0.9962248520710059,0.7961640552861503,0.919575898797392,,0.7963398042560922
Blobs,path t=2,0,0.051410798509340716,0.16895089005373073,0.9964615384615385,0.9959881656804733,0.8460665038387482,0.9194204378634026,,0.8387531560993553
Blobs,path t=2,1,0.052147448185158804,0.16895089005373073,0.9966390532544379,0.9959644970414201,0.6136089946654754,0.9197914703975503,,0.838256927220948
Blobs,path t=2,2,0.05174976438995931,0.16895089005373073,0.9963550295857988,0.996,0.9189799027883199,0.9193485056434694,,0.8378175327403234
Blobs,path t=3,0,0.04381204033548577,0.16895089005373073,0.9953846153846154,0.9939171597633136,0.876241056015873,0.9141983730951863,,0.8553043634113652
Blobs,path t=3,1,0.04357732016437484,0.16895089005373073,0.9961065088757396,0.9947810650887574,0.8324919517702082,0.9187463901618141,,0.8533871021126719
Blobs,path t=3,2,0.044629071869290535,0.16895089005373073,0.9951834319526627,0.9941893491124261,0.7490131042378884,0.9153388746702088,,0.8517107026397503
Blobs,path t=5,0,0.042636923278657195,0.16895089005373073,0.9903905325443787,0.9867455621301775,0.7932953250642274,0.895967320155631,,0.8687862306455715
Blobs,path t=5,1,0.04361489049627055,0.16895089005373073,0.9897396449704142,0.9850059171597633,0.6562808249959244,0.894477672109425,,0.8686823408375751
Blobs,path t=5,2,0.04342304717587854,0.16895089005373073,0.990603550295858,0.9859881656804734,0.9356085980528686,0.8949151051344397,,0.867899695909278
Blobs,path t=8,0,0.04114080795699098,0.16895089005373073,0.9838698224852072,0.9799408284023668,0.8401970735781487,0.8793517887503348,,0.868969821738779
Blobs,path t=8,1,0.04070757951490653,0.16895089005373073,0.986224852071006,0.9813846153846154,0.7265171443792879,0.8789359575024225,,0.8701347733313527
Blobs,path t=8,2,0.04097409360913909,0.16895089005373073,0.9842840236686391,0.9804497041420118,0.6461120725240755,0.8761683694863351,,0.8697616501000819
Blobs,path t=16,0,0.034994793074710824,0.16895089005373073,0.9806508875739645,0.9747810650887574,0.8305598442811645,0.8613616364915652,,0.8560515753805551
Blobs,path t=16,1,0.035070316225867856,0.16895089005373073,0.9805443786982249,0.9754319526627219,0.7195626677866116,0.8618824126551433,,0.8557339020073386
Blobs,path t=16,2,0.034549314088987745,0.16895089005373073,0.9786627218934911,0.9751834319526628,0.9249963929776872,0.8602700439300627,,0.8560309625095159
